"timestamp","latency"
"22","1644983264490"
"22","1644983264490"
"23","1644983266094"
"23","1644983266094"
"23","1644983266128"
"24","1644983264116"
"24","1644983264324"
"24","1644983264377"
"24","1644983264515"
"24","1644983264515"
"24","1644983264515"
"24","1644983265635"
"25","1644983264313"
"25","1644983264392"
"25","1644983264494"
"25","1644983264494"
"25","1644983264494"
"25","1644983265730"
"25","1644983265936"
"25","1644983265936"
"25","1644983266105"
"25","1644983266105"
"25","1644983266105"
"26","1644983264003"
"26","1644983264139"
"26","1644983264222"
"26","1644983264222"
"26","1644983264231"
"26","1644983264231"
"26","1644983264313"
"26","1644983264494"
"26","1644983264494"
"26","1644983264495"
"26","1644983264611"
"26","1644983264611"
"26","1644983264611"
"26","1644983264611"
"26","1644983265317"
"26","1644983265317"
"26","1644983265317"
"26","1644983265936"
"26","1644983266080"
"26","1644983266091"
"26","1644983266117"
"26","1644983266117"
"26","1644983266117"
"27","1644983263936"
"27","1644983264139"
"27","1644983264174"
"27","1644983264174"
"27","1644983264231"
"27","1644983264342"
"27","1644983264342"
"27","1644983264352"
"27","1644983264496"
"27","1644983264572"
"27","1644983264578"
"27","1644983264612"
"27","1644983264612"
"27","1644983264612"
"27","1644983264628"
"27","1644983264628"
"27","1644983264628"
"27","1644983264628"
"27","1644983264628"
"27","1644983264639"
"27","1644983265910"
"27","1644983265910"
"27","1644983265932"
"27","1644983266080"
"27","1644983266080"
"27","1644983266080"
"27","1644983266091"
"27","1644983266091"
"27","1644983266091"
"27","1644983266091"
"27","1644983266159"
"27","1644983266172"
"28","1644983264206"
"28","1644983264260"
"28","1644983264260"
"28","1644983264342"
"28","1644983264342"
"28","1644983264342"
"28","1644983264343"
"28","1644983264499"
"28","1644983264632"
"28","1644983264632"
"28","1644983264640"
"28","1644983264640"
"28","1644983264640"
"28","1644983264644"
"28","1644983264644"
"28","1644983264644"
"28","1644983264884"
"28","1644983265733"
"28","1644983265792"
"28","1644983265910"
"28","1644983266064"
"28","1644983266064"
"28","1644983266064"
"28","1644983266064"
"28","1644983266094"
"28","1644983266133"
"28","1644983266133"
"28","1644983266145"
"29","1644983264141"
"29","1644983264193"
"29","1644983264193"
"29","1644983264198"
"29","1644983264254"
"29","1644983264260"
"29","1644983264260"
"29","1644983264310"
"29","1644983264335"
"29","1644983264343"
"29","1644983264343"
"29","1644983264365"
"29","1644983264365"
"29","1644983264544"
"29","1644983264658"
"29","1644983264658"
"29","1644983264658"
"29","1644983264658"
"29","1644983264885"
"29","1644983265320"
"29","1644983265320"
"29","1644983265320"
"29","1644983265448"
"29","1644983265734"
"29","1644983265734"
"29","1644983265734"
"29","1644983265734"
"29","1644983265763"
"29","1644983265763"
"29","1644983265791"
"29","1644983265792"
"29","1644983265792"
"29","1644983265792"
"29","1644983265807"
"29","1644983265912"
"29","1644983266045"
"29","1644983266064"
"29","1644983266064"
"29","1644983266094"
"29","1644983266094"
"29","1644983266094"
"29","1644983266094"
"29","1644983266157"
"30","1644983264075"
"30","1644983264106"
"30","1644983264106"
"30","1644983264106"
"30","1644983264204"
"30","1644983264204"
"30","1644983264204"
"30","1644983264208"
"30","1644983264255"
"30","1644983264287"
"30","1644983264308"
"30","1644983264308"
"30","1644983264335"
"30","1644983264500"
"30","1644983264500"
"30","1644983264564"
"30","1644983264564"
"30","1644983264658"
"30","1644983264679"
"30","1644983264885"
"30","1644983265066"
"30","1644983265450"
"30","1644983265450"
"30","1644983265763"
"30","1644983265764"
"30","1644983265764"
"30","1644983265764"
"30","1644983265764"
"30","1644983265794"
"30","1644983265794"
"30","1644983265809"
"30","1644983265913"
"30","1644983265935"
"30","1644983265935"
"30","1644983265936"
"30","1644983266029"
"30","1644983266064"
"30","1644983266064"
"30","1644983266064"
"30","1644983266065"
"30","1644983266065"
"30","1644983266091"
"30","1644983266094"
"30","1644983266094"
"30","1644983266094"
"30","1644983266094"
"31","1644983264075"
"31","1644983264075"
"31","1644983264187"
"31","1644983264209"
"31","1644983264209"
"31","1644983264209"
"31","1644983264288"
"31","1644983264298"
"31","1644983264313"
"31","1644983264339"
"31","1644983264370"
"31","1644983264374"
"31","1644983264374"
"31","1644983264406"
"31","1644983264406"
"31","1644983264406"
"31","1644983264406"
"31","1644983264406"
"31","1644983264406"
"31","1644983264501"
"31","1644983264501"
"31","1644983264501"
"31","1644983264565"
"31","1644983264565"
"31","1644983264565"
"31","1644983264647"
"31","1644983264663"
"31","1644983264934"
"31","1644983264966"
"31","1644983265067"
"31","1644983265067"
"31","1644983265067"
"31","1644983265067"
"31","1644983265291"
"31","1644983265450"
"31","1644983265450"
"31","1644983265450"
"31","1644983265665"
"31","1644983265665"
"31","1644983265733"
"31","1644983265761"
"31","1644983265764"
"31","1644983265811"
"31","1644983265838"
"31","1644983265839"
"31","1644983265936"
"31","1644983265937"
"31","1644983266033"
"31","1644983266065"
"32","1644983263986"
"32","1644983264099"
"32","1644983264156"
"32","1644983264156"
"32","1644983264174"
"32","1644983264174"
"32","1644983264178"
"32","1644983264206"
"32","1644983264230"
"32","1644983264241"
"32","1644983264241"
"32","1644983264241"
"32","1644983264241"
"32","1644983264244"
"32","1644983264264"
"32","1644983264273"
"32","1644983264273"
"32","1644983264310"
"32","1644983264374"
"32","1644983264375"
"32","1644983264375"
"32","1644983264375"
"32","1644983264375"
"32","1644983264490"
"32","1644983264585"
"32","1644983264585"
"32","1644983264585"
"32","1644983264585"
"32","1644983264604"
"32","1644983264604"
"32","1644983264672"
"32","1644983264672"
"32","1644983264903"
"32","1644983264903"
"32","1644983264967"
"32","1644983264967"
"32","1644983265066"
"32","1644983265066"
"32","1644983265067"
"32","1644983265287"
"32","1644983265287"
"32","1644983265294"
"32","1644983265294"
"32","1644983265323"
"32","1644983265323"
"32","1644983265323"
"32","1644983265323"
"32","1644983265323"
"32","1644983265323"
"32","1644983265635"
"32","1644983265733"
"32","1644983265733"
"32","1644983265734"
"32","1644983265811"
"32","1644983266033"
"32","1644983266034"
"32","1644983266036"
"33","1644983263959"
"33","1644983263968"
"33","1644983264058"
"33","1644983264099"
"33","1644983264099"
"33","1644983264211"
"33","1644983264274"
"33","1644983264274"
"33","1644983264310"
"33","1644983264311"
"33","1644983264339"
"33","1644983264534"
"33","1644983264548"
"33","1644983264568"
"33","1644983264585"
"33","1644983264672"
"33","1644983264672"
"33","1644983265066"
"33","1644983265069"
"33","1644983265290"
"33","1644983265291"
"33","1644983265291"
"33","1644983265294"
"33","1644983265324"
"33","1644983265324"
"33","1644983265383"
"33","1644983265449"
"33","1644983265450"
"33","1644983265450"
"33","1644983265635"
"33","1644983265644"
"33","1644983265700"
"33","1644983265705"
"33","1644983265705"
"33","1644983265713"
"33","1644983265734"
"33","1644983265734"
"33","1644983265734"
"33","1644983265747"
"33","1644983265767"
"33","1644983265838"
"33","1644983265913"
"33","1644983265913"
"33","1644983265913"
"33","1644983265913"
"33","1644983265913"
"33","1644983266033"
"33","1644983266036"
"34","1644983263968"
"34","1644983263969"
"34","1644983263994"
"34","1644983263994"
"34","1644983263994"
"34","1644983263994"
"34","1644983263994"
"34","1644983264106"
"34","1644983264106"
"34","1644983264177"
"34","1644983264177"
"34","1644983264177"
"34","1644983264198"
"34","1644983264230"
"34","1644983264310"
"34","1644983264339"
"34","1644983264339"
"34","1644983264377"
"34","1644983264377"
"34","1644983264401"
"34","1644983264534"
"34","1644983264612"
"34","1644983264666"
"34","1644983264679"
"34","1644983264679"
"34","1644983264903"
"34","1644983264934"
"34","1644983264934"
"34","1644983264937"
"34","1644983264968"
"34","1644983264968"
"34","1644983265067"
"34","1644983265067"
"34","1644983265291"
"34","1644983265291"
"34","1644983265291"
"34","1644983265292"
"34","1644983265416"
"34","1644983265700"
"34","1644983265748"
"34","1644983265748"
"34","1644983265761"
"34","1644983265839"
"34","1644983265913"
"34","1644983265913"
"34","1644983265913"
"34","1644983265913"
"34","1644983265913"
"34","1644983266033"
"34","1644983266035"
"34","1644983266036"
"34","1644983266064"
"34","1644983266128"
"35","1644983263954"
"35","1644983264222"
"35","1644983264241"
"35","1644983264243"
"35","1644983264260"
"35","1644983264276"
"35","1644983264343"
"35","1644983264374"
"35","1644983264600"
"35","1644983264600"
"35","1644983264600"
"35","1644983264639"
"35","1644983265067"
"35","1644983265068"
"35","1644983265763"
"35","1644983265913"
"35","1644983266033"
"35","1644983266034"
"35","1644983266034"
"35","1644983266035"
"35","1644983266035"
"35","1644983266035"
"35","1644983266035"
"35","1644983266036"
"35","1644983266036"
"35","1644983266036"
"35","1644983266036"
"36","1644983263959"
"36","1644983263973"
"36","1644983264014"
"36","1644983264014"
"36","1644983264014"
"36","1644983264178"
"36","1644983264178"
"36","1644983264192"
"36","1644983264281"
"36","1644983264375"
"36","1644983264375"
"36","1644983264414"
"36","1644983264600"
"36","1644983264604"
"36","1644983264934"
"36","1644983265068"
"36","1644983265070"
"36","1644983265291"
"36","1644983265328"
"36","1644983265671"
"36","1644983265671"
"36","1644983265671"
"36","1644983265671"
"36","1644983265671"
"36","1644983265671"
"36","1644983265671"
"36","1644983265671"
"36","1644983265671"
"36","1644983265671"
"36","1644983265671"
"36","1644983265671"
"36","1644983265764"
"36","1644983265764"
"36","1644983265799"
"36","1644983266035"
"36","1644983266035"
"36","1644983266071"
"36","1644983266091"
"37","1644983264014"
"37","1644983264014"
"37","1644983264273"
"37","1644983264280"
"37","1644983264552"
"37","1644983264572"
"37","1644983264601"
"37","1644983265292"
"37","1644983265419"
"37","1644983265639"
"37","1644983265640"
"37","1644983265640"
"37","1644983265671"
"37","1644983265671"
"37","1644983265705"
"37","1644983265791"
"37","1644983265875"
"37","1644983265875"
"37","1644983265875"
"37","1644983265875"
"37","1644983265876"
"37","1644983265948"
"37","1644983266034"
"37","1644983266035"
"37","1644983266036"
"37","1644983266053"
"37","1644983266091"
"37","1644983266091"
"38","1644983264058"
"38","1644983264066"
"38","1644983264236"
"38","1644983264305"
"38","1644983264305"
"38","1644983264305"
"38","1644983264306"
"38","1644983264894"
"38","1644983264903"
"38","1644983264933"
"38","1644983264937"
"38","1644983265366"
"38","1644983265420"
"38","1644983265640"
"38","1644983265640"
"38","1644983265705"
"38","1644983265792"
"38","1644983265792"
"38","1644983265792"
"38","1644983265805"
"38","1644983265876"
"38","1644983265876"
"38","1644983265876"
"38","1644983265876"
"38","1644983265876"
"38","1644983265876"
"38","1644983265876"
"38","1644983266034"
"38","1644983266035"
"38","1644983266091"
"38","1644983266132"
"38","1644983266132"
"38","1644983266132"
"38","1644983266132"
"38","1644983266132"
"39","1644983263974"
"39","1644983264025"
"39","1644983264139"
"39","1644983264139"
"39","1644983264306"
"39","1644983264414"
"39","1644983264414"
"39","1644983264414"
"39","1644983264414"
"39","1644983264584"
"39","1644983264679"
"39","1644983264934"
"39","1644983265350"
"39","1644983265367"
"39","1644983265367"
"39","1644983265367"
"39","1644983265367"
"39","1644983265422"
"39","1644983265422"
"39","1644983265422"
"39","1644983265705"
"39","1644983265705"
"39","1644983265705"
"39","1644983265793"
"39","1644983265878"
"39","1644983265950"
"39","1644983266055"
"40","1644983264046"
"40","1644983264106"
"40","1644983264139"
"40","1644983264164"
"40","1644983264164"
"40","1644983264534"
"40","1644983264534"
"40","1644983264534"
"40","1644983264534"
"40","1644983264585"
"40","1644983264934"
"40","1644983265367"
"40","1644983265367"
"40","1644983265367"
"40","1644983265367"
"40","1644983265382"
"40","1644983265383"
"40","1644983265383"
"40","1644983265383"
"40","1644983265422"
"40","1644983265422"
"40","1644983265422"
"40","1644983265456"
"40","1644983265644"
"40","1644983265713"
"40","1644983265754"
"40","1644983265761"
"40","1644983265794"
"40","1644983265878"
"40","1644983265878"
"40","1644983265878"
"40","1644983265878"
"40","1644983265878"
"40","1644983265949"
"40","1644983265949"
"40","1644983265984"
"41","1644983263960"
"41","1644983264047"
"41","1644983264058"
"41","1644983264164"
"41","1644983264535"
"41","1644983265367"
"41","1644983265383"
"41","1644983265383"
"41","1644983265383"
"41","1644983265644"
"41","1644983265644"
"41","1644983265715"
"41","1644983265715"
"41","1644983265763"
"41","1644983265763"
"41","1644983265805"
"41","1644983265805"
"41","1644983265950"
"41","1644983265981"
"41","1644983265984"
"41","1644983266045"
"41","1644983266080"
"42","1644983264002"
"42","1644983264002"
"42","1644983264020"
"42","1644983264048"
"42","1644983264058"
"42","1644983264058"
"42","1644983264092"
"42","1644983264420"
"42","1644983264420"
"42","1644983264920"
"42","1644983264922"
"42","1644983265644"
"42","1644983265644"
"42","1644983265644"
"42","1644983265644"
"42","1644983265644"
"42","1644983265714"
"42","1644983265714"
"42","1644983265715"
"42","1644983265791"
"42","1644983265791"
"42","1644983265805"
"42","1644983265947"
"42","1644983265983"
"42","1644983266080"
"42","1644983266080"
"42","1644983266080"
"43","1644983264038"
"43","1644983264038"
"43","1644983264038"
"43","1644983264058"
"43","1644983264059"
"43","1644983264414"
"43","1644983264859"
"43","1644983264922"
"43","1644983265123"
"43","1644983265678"
"43","1644983265748"
"43","1644983265792"
"43","1644983265792"
"43","1644983265807"
"43","1644983265984"
"43","1644983266082"
"44","1644983264021"
"44","1644983264112"
"44","1644983264143"
"44","1644983264544"
"44","1644983264545"
"44","1644983264922"
"44","1644983264942"
"44","1644983265305"
"44","1644983265778"
"44","1644983265778"
"44","1644983265778"
"44","1644983265778"
"44","1644983265807"
"44","1644983265838"
"44","1644983265838"
"44","1644983265950"
"44","1644983265950"
"44","1644983265950"
"44","1644983265950"
"44","1644983265984"
"45","1644983264169"
"45","1644983264903"
"45","1644983265304"
"45","1644983265350"
"45","1644983265779"
"45","1644983265779"
"45","1644983265794"
"45","1644983265838"
"45","1644983265838"
"45","1644983265950"
"45","1644983265984"
"45","1644983266061"
"45","1644983266080"
"46","1644983263960"
"46","1644983263968"
"46","1644983264112"
"46","1644983265124"
"46","1644983265350"
"46","1644983265779"
"46","1644983265826"
"46","1644983265838"
"46","1644983265838"
"46","1644983265838"
"46","1644983265838"
"46","1644983265838"
"46","1644983265838"
"46","1644983265838"
"46","1644983266053"
"46","1644983266080"
"46","1644983266091"
"47","1644983264146"
"47","1644983264903"
"47","1644983264934"
"47","1644983265124"
"47","1644983265796"
"47","1644983265826"
"47","1644983265838"
"47","1644983265838"
"47","1644983265838"
"47","1644983265839"
"47","1644983266054"
"47","1644983266054"
"47","1644983266054"
"48","1644983263959"
"48","1644983263968"
"48","1644983264147"
"48","1644983264147"
"48","1644983265128"
"48","1644983265128"
"48","1644983265310"
"48","1644983265431"
"48","1644983265431"
"48","1644983265682"
"48","1644983265721"
"48","1644983265721"
"48","1644983265721"
"48","1644983265728"
"48","1644983265753"
"48","1644983265763"
"48","1644983265778"
"48","1644983265811"
"48","1644983265826"
"48","1644983265826"
"48","1644983265931"
"48","1644983265931"
"48","1644983265932"
"48","1644983265932"
"48","1644983265932"
"48","1644983265932"
"48","1644983265932"
"48","1644983266055"
"48","1644983266064"
"48","1644983266064"
"48","1644983266064"
"48","1644983266064"
"49","1644983263960"
"49","1644983263960"
"49","1644983263968"
"49","1644983264099"
"49","1644983264099"
"49","1644983264099"
"49","1644983264099"
"49","1644983264469"
"49","1644983264469"
"49","1644983264723"
"49","1644983264723"
"49","1644983264934"
"49","1644983264934"
"49","1644983264934"
"49","1644983264934"
"49","1644983265331"
"49","1644983265382"
"49","1644983265700"
"49","1644983265700"
"49","1644983265721"
"49","1644983265754"
"49","1644983265754"
"49","1644983265754"
"49","1644983265764"
"49","1644983265875"
"49","1644983265875"
"49","1644983265932"
"49","1644983265932"
"49","1644983265993"
"49","1644983266065"
"50","1644983263911"
"50","1644983263933"
"50","1644983264722"
"50","1644983265342"
"50","1644983265432"
"50","1644983265700"
"50","1644983265734"
"50","1644983265734"
"50","1644983265780"
"50","1644983266053"
"51","1644983264046"
"51","1644983264046"
"51","1644983265343"
"51","1644983265382"
"51","1644983265382"
"51","1644983265383"
"51","1644983265383"
"51","1644983265383"
"51","1644983265418"
"51","1644983265734"
"51","1644983265734"
"51","1644983265779"
"51","1644983266053"
"52","1644983263911"
"52","1644983264458"
"52","1644983264553"
"52","1644983265343"
"52","1644983265382"
"52","1644983265383"
"52","1644983265383"
"52","1644983265419"
"52","1644983265935"
"52","1644983265936"
"52","1644983265936"
"52","1644983265936"
"52","1644983265936"
"52","1644983266053"
"52","1644983266091"
"53","1644983264467"
"53","1644983264467"
"53","1644983264553"
"53","1644983265340"
"53","1644983265382"
"53","1644983265383"
"53","1644983265472"
"53","1644983265472"
"53","1644983265727"
"53","1644983265807"
"53","1644983265936"
"53","1644983265936"
"53","1644983266054"
"54","1644983263914"
"54","1644983264939"
"54","1644983265323"
"54","1644983265323"
"54","1644983265342"
"54","1644983265665"
"54","1644983265705"
"54","1644983265727"
"54","1644983265727"
"54","1644983265728"
"54","1644983265808"
"54","1644983266007"
"54","1644983266061"
"55","1644983264469"
"55","1644983264470"
"55","1644983264940"
"55","1644983264940"
"55","1644983265290"
"55","1644983265317"
"55","1644983265317"
"55","1644983265317"
"55","1644983265342"
"55","1644983265342"
"55","1644983265342"
"55","1644983265342"
"55","1644983265343"
"55","1644983265343"
"55","1644983265343"
"55","1644983265347"
"55","1644983265347"
"55","1644983265350"
"55","1644983265350"
"55","1644983265350"
"55","1644983265382"
"55","1644983265382"
"55","1644983265382"
"55","1644983265422"
"55","1644983265422"
"55","1644983265728"
"55","1644983266000"
"55","1644983266007"
"55","1644983266071"
"56","1644983263914"
"56","1644983264470"
"56","1644983264470"
"56","1644983264934"
"56","1644983264934"
"56","1644983264959"
"56","1644983264959"
"56","1644983265292"
"56","1644983265317"
"56","1644983265317"
"56","1644983265343"
"56","1644983265347"
"56","1644983265347"
"56","1644983265382"
"56","1644983265382"
"56","1644983265382"
"56","1644983265382"
"56","1644983265383"
"56","1644983265705"
"56","1644983265705"
"56","1644983265705"
"56","1644983265728"
"56","1644983266000"
"56","1644983266000"
"56","1644983266000"
"56","1644983266000"
"56","1644983266007"
"57","1644983263907"
"57","1644983264553"
"57","1644983264922"
"57","1644983264922"
"57","1644983265287"
"57","1644983265287"
"57","1644983265317"
"57","1644983265317"
"57","1644983265317"
"57","1644983265317"
"57","1644983265317"
"57","1644983265340"
"57","1644983265383"
"57","1644983265383"
"57","1644983265383"
"57","1644983265668"
"57","1644983265671"
"57","1644983265705"
"57","1644983265706"
"57","1644983265730"
"57","1644983265778"
"57","1644983266000"
"57","1644983266000"
"57","1644983266000"
"58","1644983264553"
"58","1644983265317"
"58","1644983265350"
"58","1644983265350"
"58","1644983265754"
"58","1644983265754"
"58","1644983265763"
"58","1644983265792"
"58","1644983266003"
"58","1644983266065"
"59","1644983265287"
"59","1644983265320"
"59","1644983265320"
"59","1644983265320"
"59","1644983265694"
"59","1644983265694"
"59","1644983265730"
"59","1644983265754"
"59","1644983265764"
"59","1644983265764"
"59","1644983265838"
"59","1644983265838"
"59","1644983265838"
"59","1644983266004"
"59","1644983266066"
"60","1644983263921"
"60","1644983265106"
"60","1644983265140"
"60","1644983265140"
"60","1644983265317"
"60","1644983265443"
"60","1644983265479"
"60","1644983265480"
"60","1644983265671"
"60","1644983265671"
"60","1644983265671"
"60","1644983265671"
"60","1644983265671"
"60","1644983265671"
"60","1644983265694"
"60","1644983265764"
"60","1644983265838"
"61","1644983263911"
"61","1644983263923"
"61","1644983263934"
"61","1644983264467"
"61","1644983264959"
"61","1644983265320"
"61","1644983265320"
"61","1644983265320"
"61","1644983265444"
"61","1644983265671"
"61","1644983265734"
"61","1644983265978"
"61","1644983266064"
"62","1644983263911"
"62","1644983263912"
"62","1644983264468"
"62","1644983264725"
"62","1644983264860"
"62","1644983264965"
"62","1644983265481"
"62","1644983265665"
"62","1644983265665"
"62","1644983265665"
"62","1644983265978"
"62","1644983266064"
"62","1644983266065"
"63","1644983263923"
"63","1644983264469"
"63","1644983264469"
"63","1644983264737"
"63","1644983264859"
"63","1644983264934"
"63","1644983264941"
"63","1644983265143"
"63","1644983265291"
"63","1644983265320"
"63","1644983265320"
"63","1644983265697"
"63","1644983265826"
"63","1644983265979"
"63","1644983265979"
"63","1644983266016"
"63","1644983266016"
"63","1644983266016"
"63","1644983266016"
"63","1644983266016"
"63","1644983266064"
"64","1644983264470"
"64","1644983264859"
"64","1644983264859"
"64","1644983264934"
"64","1644983264967"
"64","1644983265431"
"64","1644983265431"
"64","1644983265447"
"64","1644983265447"
"64","1644983265447"
"64","1644983265748"
"64","1644983265748"
"64","1644983265779"
"64","1644983265875"
"64","1644983265979"
"64","1644983265981"
"64","1644983265981"
"64","1644983266007"
"64","1644983266007"
"64","1644983266007"
"64","1644983266007"
"64","1644983266007"
"64","1644983266016"
"64","1644983266016"
"64","1644983266016"
"64","1644983266016"
"64","1644983266016"
"64","1644983266016"
"64","1644983266016"
"64","1644983266066"
"65","1644983263914"
"65","1644983264740"
"65","1644983264859"
"65","1644983264859"
"65","1644983264934"
"65","1644983264968"
"65","1644983265033"
"65","1644983265140"
"65","1644983265448"
"65","1644983265448"
"65","1644983265700"
"65","1644983265700"
"65","1644983265705"
"65","1644983265705"
"65","1644983265705"
"65","1644983265705"
"65","1644983265738"
"65","1644983265748"
"65","1644983265792"
"65","1644983265876"
"65","1644983265876"
"65","1644983265983"
"66","1644983264859"
"66","1644983265292"
"66","1644983265416"
"66","1644983265739"
"66","1644983265762"
"66","1644983265904"
"66","1644983265904"
"66","1644983265905"
"66","1644983265950"
"66","1644983265950"
"66","1644983265950"
"66","1644983265950"
"66","1644983265983"
"66","1644983265983"
"66","1644983265984"
"66","1644983265984"
"67","1644983264469"
"67","1644983265450"
"67","1644983265450"
"67","1644983265678"
"67","1644983265706"
"67","1644983265875"
"67","1644983265905"
"67","1644983265905"
"67","1644983265905"
"67","1644983265905"
"67","1644983265984"
"68","1644983264742"
"68","1644983264859"
"68","1644983264860"
"68","1644983264966"
"68","1644983265030"
"68","1644983265036"
"68","1644983265106"
"68","1644983265111"
"68","1644983265147"
"68","1644983265451"
"68","1644983265451"
"68","1644983265451"
"68","1644983265671"
"68","1644983265703"
"68","1644983265808"
"68","1644983265875"
"68","1644983265906"
"68","1644983265906"
"69","1644983263845"
"69","1644983264728"
"69","1644983264934"
"69","1644983265037"
"69","1644983265106"
"69","1644983265416"
"69","1644983265419"
"69","1644983265419"
"69","1644983265419"
"69","1644983265451"
"69","1644983265908"
"69","1644983265908"
"70","1644983264973"
"70","1644983265452"
"70","1644983265681"
"70","1644983265908"
"71","1644983263847"
"71","1644983265108"
"71","1644983265117"
"71","1644983265682"
"71","1644983265682"
"71","1644983265682"
"71","1644983265706"
"71","1644983265876"
"71","1644983265910"
"72","1644983263845"
"72","1644983263845"
"72","1644983265114"
"72","1644983265419"
"72","1644983265422"
"72","1644983265910"
"72","1644983265976"
"72","1644983265983"
"73","1644983263845"
"73","1644983263845"
"73","1644983263846"
"73","1644983263847"
"73","1644983263847"
"73","1644983263934"
"73","1644983264958"
"73","1644983264968"
"73","1644983264973"
"73","1644983265112"
"73","1644983265779"
"73","1644983265878"
"73","1644983265983"
"74","1644983263847"
"74","1644983265111"
"74","1644983265111"
"74","1644983265112"
"74","1644983265838"
"74","1644983265838"
"74","1644983265838"
"74","1644983265838"
"74","1644983265979"
"74","1644983265979"
"74","1644983265984"
"75","1644983263845"
"75","1644983264741"
"75","1644983265418"
"76","1644983263848"
"76","1644983263848"
"76","1644983264470"
"76","1644983264887"
"76","1644983265113"
"76","1644983265122"
"76","1644983265122"
"76","1644983265838"
"76","1644983265838"
"77","1644983263845"
"77","1644983264736"
"77","1644983265123"
"77","1644983265124"
"77","1644983265876"
"78","1644983263847"
"78","1644983265123"
"78","1644983265124"
"78","1644983265124"
"78","1644983265124"
"79","1644983264874"
"79","1644983264876"
"79","1644983265118"
"79","1644983265125"
"79","1644983265422"
"79","1644983265682"
"79","1644983265875"
"79","1644983265905"
"79","1644983265984"
"80","1644983263848"
"80","1644983264876"
"80","1644983264922"
"80","1644983265046"
"80","1644983265422"
"80","1644983265422"
"80","1644983265447"
"81","1644983264876"
"81","1644983264876"
"81","1644983265047"
"81","1644983265123"
"81","1644983265448"
"81","1644983265683"
"82","1644983264876"
"82","1644983265123"
"82","1644983265123"
"82","1644983265124"
"82","1644983265422"
"82","1644983265779"
"82","1644983265876"
"82","1644983265876"
"82","1644983265908"
"82","1644983265908"
"83","1644983263934"
"83","1644983264878"
"83","1644983265122"
"83","1644983265450"
"83","1644983265694"
"83","1644983265875"
"83","1644983265875"
"83","1644983265875"
"84","1644983264743"
"84","1644983264875"
"84","1644983265123"
"84","1644983265875"
"85","1644983265046"
"85","1644983265122"
"85","1644983265123"
"85","1644983265127"
"85","1644983265257"
"85","1644983265452"
"85","1644983265780"
"85","1644983265791"
"85","1644983265791"
"86","1644983264744"
"86","1644983265436"
"86","1644983265792"
"86","1644983265878"
"86","1644983265878"
"87","1644983264884"
"87","1644983264885"
"87","1644983265419"
"88","1644983265419"
"88","1644983265435"
"88","1644983265761"
"88","1644983265793"
"89","1644983265030"
"89","1644983265127"
"89","1644983265257"
"89","1644983265258"
"89","1644983265258"
"89","1644983265261"
"89","1644983265422"
"89","1644983265436"
"89","1644983265838"
"90","1644983264885"
"90","1644983265127"
"90","1644983265128"
"90","1644983265128"
"90","1644983265257"
"90","1644983265258"
"90","1644983265262"
"90","1644983265416"
"91","1644983264884"
"91","1644983265034"
"91","1644983265257"
"91","1644983265259"
"91","1644983265259"
"91","1644983265260"
"91","1644983265422"
"91","1644983265975"
"92","1644983264884"
"92","1644983264934"
"92","1644983265033"
"92","1644983265260"
"92","1644983265260"
"92","1644983265260"
"92","1644983265261"
"92","1644983265261"
"92","1644983265694"
"93","1644983264832"
"93","1644983264934"
"93","1644983264973"
"93","1644983265034"
"93","1644983265259"
"93","1644983265261"
"94","1644983265030"
"94","1644983265031"
"94","1644983265262"
"94","1644983265262"
"94","1644983265262"
"94","1644983265978"
"95","1644983265030"
"95","1644983265031"
"95","1644983265260"
"95","1644983265260"
"95","1644983265904"
"96","1644983264893"
"96","1644983265036"
"96","1644983265479"
"96","1644983265479"
"96","1644983265875"
"97","1644983264837"
"97","1644983265034"
"97","1644983265070"
"97","1644983265070"
"97","1644983265262"
"97","1644983265447"
"97","1644983265479"
"97","1644983265479"
"98","1644983265033"
"98","1644983265033"
"98","1644983265067"
"98","1644983265071"
"98","1644983265838"
"98","1644983265876"
"99","1644983265036"
"99","1644983265067"
"99","1644983265906"
"99","1644983265983"
"99","1644983265983"
"100","1644983265037"
"100","1644983265037"
"100","1644983265068"
"100","1644983265269"
"101","1644983264895"
"101","1644983265070"
"101","1644983265269"
"101","1644983265908"
"102","1644983264893"
"102","1644983264893"
"102","1644983264895"
"102","1644983264895"
"102","1644983264899"
"102","1644983265037"
"102","1644983265037"
"102","1644983265044"
"103","1644983264898"
"103","1644983265038"
"103","1644983265039"
"103","1644983265039"
"103","1644983265039"
"103","1644983265046"
"103","1644983265046"
"104","1644983264900"
"104","1644983264900"
"104","1644983265046"
"104","1644983265071"
"104","1644983265447"
"105","1644983264784"
"105","1644983264898"
"105","1644983264898"
"105","1644983264900"
"105","1644983264903"
"105","1644983265029"
"105","1644983265068"
"106","1644983265070"
"107","1644983264898"
"107","1644983264900"
"109","1644983264899"
"109","1644983265450"
"110","1644983264903"
"110","1644983265034"
"111","1644983264903"
"111","1644983265034"
"111","1644983265261"
"111","1644983265261"
"111","1644983265838"
"112","1644983264903"
"112","1644983264903"
"112","1644983264904"
"113","1644983264904"
"113","1644983265262"
"113","1644983265281"
"114","1644983265037"
"114","1644983265878"
"114","1644983265905"
"115","1644983265282"
"117","1644983264909"
"117","1644983265450"
"119","1644983265287"
"121","1644983265046"
"121","1644983265287"
"122","1644983265046"
"122","1644983265046"
"122","1644983265046"
"122","1644983265291"
"122","1644983265602"
"122","1644983265602"
"122","1644983265602"
"123","1644983265287"
"123","1644983265292"
"124","1644983265290"
"124","1644983265292"
"125","1644983265290"
"125","1644983265291"
"125","1644983265291"
"126","1644983264922"
"126","1644983265291"
"126","1644983265291"
"126","1644983265904"
"127","1644983265039"
"128","1644983265292"
"130","1644983264922"
"130","1644983265033"
"131","1644983265031"
"131","1644983265611"
"132","1644983265217"
"133","1644983265221"
"135","1644983265038"
"135","1644983265038"
"137","1644983264816"
"137","1644983265036"
"137","1644983265602"
"137","1644983265602"
"138","1644983263753"
"138","1644983263753"
"138","1644983263753"
"138","1644983263753"
"138","1644983263753"
"138","1644983263753"
"138","1644983263753"
"138","1644983263753"
"138","1644983263753"
"138","1644983263753"
"138","1644983263753"
"138","1644983263753"
"138","1644983263753"
"138","1644983263753"
"138","1644983263753"
"138","1644983263753"
"138","1644983264934"
"139","1644983265217"
"141","1644983265035"
"142","1644983264934"
"142","1644983264934"
"143","1644983265037"
"143","1644983265221"
"143","1644983265222"
"143","1644983265905"
"143","1644983265905"
"144","1644983265038"
"144","1644983265069"
"144","1644983265611"
"145","1644983265611"
"146","1644983264937"
"146","1644983265611"
"147","1644983265611"
"148","1644983265603"
"150","1644983265601"
"151","1644983265601"
"151","1644983265603"
"152","1644983265602"
"152","1644983265602"
"152","1644983265603"
"153","1644983264832"
"153","1644983265236"
"153","1644983265603"
"153","1644983265603"
"154","1644983265235"
"154","1644983265635"
"155","1644983265635"
"155","1644983265635"
"158","1644983264837"
"158","1644983264837"
"158","1644983265036"
"158","1644983265038"
"160","1644983265067"
"160","1644983265611"
"160","1644983265611"
"161","1644983265610"
"161","1644983265611"
"161","1644983265633"
"161","1644983265634"
"162","1644983265070"
"162","1644983265614"
"164","1644983265602"
"165","1644983265603"
"165","1644983265603"
"166","1644983265257"
"166","1644983265257"
"166","1644983265257"
"167","1644983265254"
"167","1644983265601"
"168","1644983265253"
"168","1644983265254"
"168","1644983265259"
"168","1644983265259"
"168","1644983265603"
"168","1644983265603"
"169","1644983265602"
"169","1644983265602"
"170","1644983265261"
"170","1644983265634"
"170","1644983265635"
"170","1644983265635"
"174","1644983265611"
"175","1644983265254"
"176","1644983265610"
"176","1644983265611"
"176","1644983265611"
"176","1644983265611"
"177","1644983265611"
"177","1644983265611"
"178","1644983264855"
"178","1644983264856"
"178","1644983264856"
"179","1644983264856"
"179","1644983264856"
"179","1644983265634"
"180","1644983264857"
"180","1644983265634"
"181","1644983265635"
"182","1644983265611"
"183","1644983265633"
"184","1644983265634"
"184","1644983265635"
"185","1644983265635"
"185","1644983265635"
"185","1644983265635"
"186","1644983265635"
"196","1644983265287"
"196","1644983265287"
"197","1644983265634"
"198","1644983264875"
"200","1644983265634"
"201","1644983265635"
"201","1644983265635"
"202","1644983264876"
"202","1644983265635"
"237","1644983265671"
